msm_id,src_probe_id,dst_anchor_id,src_country,src_latitude,src_longitude,dst_country,dst_latitude,dst_longitude
11863561,6251,1227,FI,61.4875,23.7595,ES,41.38718715,2.11108515
11863561,6316,1227,IT,45.0905,7.6575,ES,41.38718715,2.11108515
11863561,6349,1227,BR,-30.0685,-51.1205,ES,41.38718715,2.11108515
11863561,6398,1227,MX,25.7715,-100.1885,ES,41.38718715,2.11108515
19649596,6349,1526,BR,-30.0685,-51.1205,AU,-33.9117762,151.1929422
19649596,6350,1526,SE,55.5975,13.0395,AU,-33.9117762,151.1929422
19649596,6370,1526,JP,35.6875,139.6905,AU,-33.9117762,151.1929422
19649596,6389,1526,US,42.4515,-83.2585,AU,-33.9117762,151.1929422
18399117,6349,1528,BR,-30.0685,-51.1205,JP,35.6208612,139.7448846
18399117,6389,1528,US,42.4515,-83.2585,JP,35.6208612,139.7448846
18399117,6358,1528,UG,0.3115,32.5795,JP,35.6208612,139.7448846
18399117,6382,1528,GB,51.5085,-0.5985,JP,35.6208612,139.7448846
42167414,6251,3146,FI,61.4875,23.7595,BR,-23.5029666,-46.827197
42167414,6335,3146,RU,55.7595,37.6185,BR,-23.5029666,-46.827197
42167414,6349,3146,BR,-30.0685,-51.1205,BR,-23.5029666,-46.827197
42167414,6372,3146,DE,48.0785,11.6505,BR,-23.5029666,-46.827197
42167414,6389,3146,US,42.4515,-83.2585,BR,-23.5029666,-46.827197
42167414,6352,3146,ES,41.3885,2.1095,BR,-23.5029666,-46.827197
68503406,6328,3752,PT,38.7915,-9.1215,FI,61.4999162,21.8914667
68503406,6333,3752,FR,48.8585,2.3785,FI,61.4999162,21.8914667
68503406,6349,3752,BR,-30.0685,-51.1205,FI,61.4999162,21.8914667
68503406,6364,3752,DO,19.7695,-70.5095,FI,61.4999162,21.8914667
79420714,6334,3931,AT,48.2695,16.4085,CH,47.0821502,6.8019562
79420714,6342,3931,NL,52.2485,5.9995,CH,47.0821502,6.8019562
79420714,6352,3931,ES,41.3885,2.1095,CH,47.0821502,6.8019562
79420714,6351,3931,LV,56.9675,24.1695,CH,47.0821502,6.8019562
135906941,6414,4496,UA,46.9795,31.9875,CA,45.4975845,-73.5710384
135906941,6424,4496,IT,46.4995,11.3485,CA,45.4975845,-73.5710384
135906941,6443,4496,FR,48.6985,6.1395,CA,45.4975845,-73.5710384
135906941,6438,4496,RS,44.8015,20.4585,CA,45.4975845,-73.5710384
